Residue,Absolute SASA,Relative SASA,Exposed or Buried?
K101,144.4537811279297,0.6734083688306349,Exposed
K120,148.6152801513672,0.6928082644054105,Exposed
K132,20.47658348083496,0.09545684836620255,Buried
K139,84.27952575683594,0.3928906361784189,Exposed
K164,80.16033935546875,0.3736879917492127,Exposed
K252,39.6644172668457,0.1849058593255464,Buried
K291,160.15992736816406,0.7466265998638875,Exposed
K292,123.16685485839844,0.5741738996138825,Exposed
K305,Not present in structure model,N/A,N/A
